"Neuron","Skeleton","Raw cable (nm)","Smooth cable (nm)","Lower-bound cable (nm)","N inputs","N outputs","N presynaptic sites","N nodes","N branch nodes","N end nodes"
"cMNATO",1302189,2050625,1158758,1037269,63,199,199,9375,213,223
"cMNdc; PDF",1560393,1782955,956620,850596,50,94,94,7896,186,193
"cMNPDF-vcl1",85530,1371215,802709,730223,27,166,166,7201,172,179
"IN",1344059,102112,86003,80608,3,4,4,570,23,27
"IN 1024096",1024095,159965,126309,123592,8,5,5,1067,40,44
"IN 1050288",1050287,70480,56837,55555,2,5,5,673,19,22
"IN 1086657-Reza",1086656,110722,79835,73667,4,1,1,740,27,31
"IN 1104825",1104824,115680,88337,84615,3,4,4,729,26,28
"IN 1115833",1115832,132025,104151,101062,3,0,0,848,29,33
"IN 1130884",1130883,129025,83661,77927,2,0,0,806,30,32
"IN 1160176",1160175,121968,95396,92664,1,0,0,703,34,37
"IN 1258528",1258527,267832,207519,201796,6,11,11,1954,107,112
"IN 1263276",1263275,119121,87709,83777,2,2,2,758,30,37
"IN 1265746",1265745,123423,90467,86370,0,9,9,859,31,33
"IN 1271861",1271860,115204,85206,81119,4,2,2,493,24,29
"IN 1271885",1271884,76897,62376,59473,10,1,1,451,16,17
"IN 1271921",1271920,112120,80322,77644,3,2,2,614,21,26
"IN 1272953",1272952,152205,127356,124664,2,1,1,1149,45,51
"IN 1273404",1471324,146723,108254,102477,6,1,1,1151,32,34
"IN 1273471",1273470,51899,44133,42378,1,1,1,449,10,11
"IN 1273522",1273521,164700,142061,139006,3,0,0,1231,59,70
"IN 1273950",1273949,259753,177022,166685,0,3,3,1440,59,62
"IN 1274486",1274485,85165,58623,56173,2,3,3,999,21,23
"IN 1275445",1275444,126784,99315,96380,2,3,3,895,34,37
"IN 1276486",1276485,166477,116289,109029,4,2,2,1081,41,44
"IN 1276718",1276717,106029,63405,58845,8,1,1,594,16,17
"IN 1280574",1280573,77115,68114,66986,3,0,0,673,20,23
"IN 1283775",1788017,355171,222418,213458,8,10,10,2203,64,67
"IN 1283876",1283875,212392,133318,122609,4,0,0,1059,22,25
"IN 1285141",1285140,118397,75191,62772,1,2,2,750,13,15
"IN 1285146",1285145,188486,120846,114128,2,2,2,1163,42,45
"IN 1285268",1285267,196663,160718,157263,6,5,5,1549,59,63
"IN 1285302",1285301,168532,139369,134944,2,14,14,1385,62,67
"IN 1285328",1285327,112963,90143,84699,3,3,3,690,33,41
"IN 1293382",1293381,164755,94033,86710,4,0,0,679,23,26
"IN 1294207",1294206,217540,160086,153941,5,3,3,1199,58,65
"IN 1295162",1295161,66626,44436,43202,4,0,0,374,10,12
"IN 1298857",1298856,68583,52310,48370,4,4,4,579,14,15
"IN 1299052",1299051,142729,97745,89311,3,6,6,922,29,32
"IN 1299059",1299058,139422,115240,109232,10,2,2,1054,36,39
"IN 1300345",1300344,109366,87219,82842,1,2,2,816,29,35
"IN 1301968",1301967,58356,46621,43635,1,3,3,476,19,21
"IN 1302346-RGWa-post2",1302345,192035,139787,133748,6,9,9,1539,54,56
"IN 1303154",1303153,145006,117519,113409,5,3,3,927,52,57
"IN 1306491",1306490,229488,157837,149868,3,4,4,1361,54,59
"IN 1312225",1312224,77966,59791,56589,4,1,1,641,12,14
"IN 1312930",1312929,59271,33231,29465,1,1,1,319,8,9
"IN 1316039",1316038,106680,89152,84893,5,1,1,697,30,32
"IN 1316131",1316130,108147,75864,72561,4,0,0,553,21,26
"IN 1316333",1316332,102528,68790,65140,5,2,2,549,19,21
"IN 1318987",1318986,165004,100123,89741,5,8,8,811,28,31
"IN 1319058",1319057,78192,61065,59700,1,1,1,479,16,17
"IN 1319705",1319704,133831,93016,88182,6,6,6,827,25,27
"IN 1319882",1319881,58649,44255,42616,1,1,1,686,14,15
"IN 1320160",1320159,57379,44786,42576,3,0,0,605,9,10
"IN 1322526",1322525,90668,69634,62840,2,1,1,865,13,14
"IN 1322587",1322586,127006,105823,103295,1,2,2,948,38,39
"IN 1323829",1323828,59224,47132,45866,3,1,1,682,11,13
"IN 1324061",1324060,62973,51431,49830,2,6,5,613,12,14
"IN 1325273",1325272,136101,105912,103344,4,16,16,867,41,43
"IN 1325455",1325454,80193,64695,62645,1,2,2,458,17,20
"IN 1326009",1326008,90503,79839,78817,3,4,4,628,27,28
"IN 1329248",1329247,78989,64999,63007,0,11,11,549,35,38
"IN 1330334",1330333,118570,90095,87338,4,6,6,877,42,44
"IN 1330879",1330878,128049,97785,93708,9,5,5,843,43,46
"IN 1331434",1331433,125815,98510,95845,1,3,3,873,32,35
"IN 1331807",1331806,127530,96903,94617,0,6,6,787,25,27
"IN 1332712",1332711,127018,104783,101292,1,3,3,1032,50,52
"IN 1332792",1332791,109108,86253,84304,2,1,1,733,40,46
"IN 1333390",1333389,89651,59276,53446,1,1,1,600,15,16
"IN 1333450",1333449,139807,102851,99739,2,3,3,955,42,50
"IN 1334139",1334138,63365,48319,46725,4,0,0,585,13,14
"IN 1335431",1335430,113238,90098,86314,2,2,2,796,39,42
"IN 1335728",1335727,92185,72536,70880,3,1,1,480,27,32
"IN 1337006",1337005,141303,101891,96797,1,4,4,862,33,36
"IN 1342072",1342071,123139,93767,83082,2,6,6,793,26,27
"IN 1342946",1342945,142119,112271,107737,3,3,3,694,31,34
"IN 1343347",1343346,93847,70625,66184,1,4,4,689,27,30
"IN 1343760",1789424,61375,44361,36847,0,3,3,350,5,6
"IN 1343963",1343962,75948,66732,65856,2,1,1,671,16,18
"IN 1344085",1344084,73738,62565,61498,4,2,2,459,25,31
"IN 1346180",1346179,89269,72733,70909,1,1,1,616,25,27
"IN 1346664",1346663,115173,92978,89616,0,3,3,1087,36,39
"IN 1346859",1346858,72223,62473,61185,3,0,0,735,21,23
"IN 1350127",1350126,138280,104220,101243,3,2,2,1046,29,32
"IN 1350198",1350197,91249,72897,70969,2,1,1,605,27,29
"IN 1350480",1350479,154791,113574,109234,2,6,6,1028,56,62
"IN 1351386",1351385,57483,42699,42100,6,0,0,591,15,17
"IN 1351519",1351518,200704,143308,132390,1,9,9,1216,36,38
"IN 1354629",1354628,93254,76523,72136,2,3,3,889,19,22
"IN 1354875",1354874,95875,43420,34965,1,2,2,650,6,7
"IN 1356093",1356092,82229,60275,52678,2,1,1,507,15,16
"IN 1356561",1356560,125203,98967,89517,3,7,7,936,13,14
"IN 1359988",1359987,83312,64708,63272,2,1,1,690,22,26
"IN 1361576",1361575,77030,48979,42498,1,1,1,407,5,6
"IN 1361952",1361951,54373,43564,42128,4,0,0,462,13,14
"IN 1363313",1363312,148196,114308,110252,2,3,3,953,41,46
"IN 1363317",1363316,133677,99570,96052,5,4,4,834,34,35
"IN 1363986",1363985,126826,68509,66179,2,1,1,935,19,21
"IN 1370474",1370473,99197,81405,76926,2,2,2,657,27,29
"IN 1371890",1345260,128791,86509,79237,1,1,1,742,39,43
"IN 1372019",1372018,67403,45168,42192,4,0,0,394,3,4
"IN 1373065",1373064,151950,116234,111139,3,4,4,1227,48,51
"IN 1375371",1375370,75452,61392,59912,1,1,1,534,16,18
"IN 1376078",1376077,285543,162295,150045,2,3,3,1259,26,28
"IN 1378782",1378781,157701,130611,126835,3,0,0,918,75,84
"IN 1381821",1381820,117887,94248,91695,4,7,7,1581,18,19
"IN 1384141",1384140,94933,77248,75302,1,2,2,870,21,24
"IN 1387675",1387674,70986,54397,52189,5,7,7,724,22,23
"IN 1398603",1398602,76856,58973,57646,0,4,4,443,13,16
"IN 1402737",1402736,59492,46376,45557,4,0,0,553,16,17
"IN 1411137",1411136,106967,85830,82120,4,2,2,1150,31,34
"IN 1411257",1411256,168040,125266,121655,5,1,1,1767,42,49
"IN 1412969",1412968,60095,50033,48729,2,1,1,686,14,16
"IN 1420279",1420278,60820,41832,39478,3,1,1,595,8,10
"IN 1421732",1421731,74514,60834,58391,0,4,4,644,15,16
"IN 1423091",1423090,105570,85076,82963,1,1,1,872,22,26
"IN 1426414",1426413,104453,83829,81719,1,5,5,811,41,42
"IN 1428522",1428521,64323,56080,55037,1,2,2,508,15,18
"IN 1429161",1429160,62259,47951,46748,5,0,0,563,17,19
"IN 1434210",1434209,70016,54191,52600,4,0,0,620,13,14
"IN 1436455",1436454,40533,34810,34123,5,0,0,440,14,15
"IN 1439415",1439414,103645,79237,75842,3,0,0,1067,18,21
"IN 1440757",1440756,68320,53650,50828,5,1,1,875,17,18
"IN 1440817",1440816,102557,81574,79051,8,11,11,993,23,25
"IN 1448245",1448244,102582,84801,83170,6,0,0,840,43,47
"IN 1449235",1449234,193834,116530,100150,2,3,3,1489,15,16
"IN 1450598",1450597,164569,124699,120646,1,2,2,1312,62,67
"IN 1453009",1453008,82970,58083,53551,0,3,3,589,14,15
"IN 1469435",1469434,83799,61516,60161,4,1,1,920,27,30
"IN 1470591",1470581,170050,104799,100146,2,2,2,857,32,34
"IN 1471314",1471313,62266,33362,24513,0,3,3,321,1,2
"IN 1471411",1471410,140582,87263,83188,2,1,1,849,30,33
"IN 1472420",1472419,84166,61000,57983,1,2,2,552,12,15
"IN 1474019",1474018,84658,53969,51555,1,2,2,451,20,22
"IN 1487502",1487501,66203,56423,55143,0,3,3,334,15,17
"IN 1544599",1544598,79344,57011,56033,3,1,1,647,13,14
"IN 1562483",1562482,106870,79238,75612,4,2,2,706,19,22
"IN 1563803",1563802,105244,88597,85839,1,5,5,607,44,51
"IN 1565600",1565599,102487,79310,75681,7,5,5,1082,24,26
"IN 1587974",1587973,56748,36443,33306,5,0,0,261,8,9
"IN 1588113",1588112,353013,189911,165174,4,0,0,1212,29,33
"IN 1601287",1601286,87355,56379,52702,1,2,2,755,10,11
"IN 1635417",1635416,120362,93884,87146,1,3,3,826,34,38
"IN 1639182",1639181,192502,122211,110517,1,3,3,1145,31,32
"IN 1646126",1646125,96000,59761,58114,2,2,2,816,24,26
"IN 1652655",1652654,128416,99908,96834,1,6,6,859,36,43
"IN 169575",169574,74472,40112,39074,8,2,2,632,13,14
"IN 1705566",1705565,131773,97930,94754,3,3,3,818,28,29
"IN 1741540",1741539,181215,137925,134754,15,2,2,1647,72,75
"IN 1784974",1784973,252789,157859,142654,2,5,5,922,53,56
"IN 1834161",1834160,135196,107186,104295,1,2,2,1003,35,41
"IN 1840170",1840169,55926,42904,41938,4,0,0,517,15,16
"IN 1841369",1841368,36010,29244,28758,6,0,0,347,9,10
"IN 1845176",1845175,84091,66966,63283,2,3,3,753,4,5
"IN 1968683",1968682,94114,69894,68475,8,0,0,936,20,23
"IN 2000979",2000978,124391,75219,72982,1,3,3,1028,30,32
"IN 2233439",2233438,177847,132562,129981,9,3,3,1670,42,44
"IN 354167",1729214,169727,134787,131149,1,3,3,777,46,56
"IN 386261",386260,186451,130789,125755,0,5,5,924,54,56
"IN 523875",523874,141955,116938,113657,5,3,3,657,40,46
"IN 57509",57508,191114,148485,145121,9,5,5,1537,65,67
"IN 584185",584184,190814,135288,130728,5,0,0,1213,50,51
"IN 672987",672986,113994,94051,91857,5,1,1,765,34,37
"IN 805977 immature",805976,131605,105004,102211,3,0,0,881,41,49
"IN 812241",812240,141735,107782,104485,4,0,0,810,44,48
"IN 813172 peptiderg",813171,219344,173133,168137,12,5,5,1492,64,71
"IN 813773",813772,124788,95499,93243,2,5,5,775,32,34
"IN 814652",814651,79508,57478,55821,1,1,1,413,21,24
"IN 854300",1342632,214713,165148,160295,10,10,10,1373,66,73
"IN 893805",893804,125402,98321,93763,3,4,4,863,43,47
"IN 896818",896817,155011,122456,119418,3,0,0,1046,52,58
"IN 957271",957270,79429,64659,63475,3,0,0,453,30,34
"IN cPRC_postsyn_IN3",401601,164825,136075,132908,9,1,1,1107,67,70
"IN FVa-right4_sigold",528241,150694,116307,114471,3,5,5,1456,44,46
"IN head",1287439,131957,84516,81108,1,1,1,742,24,27
"IN MIP 1129678",1129677,212558,147993,138361,7,1,1,1153,55,59
"IN negativeUturn1320939",1320938,269668,147268,133677,15,3,3,1450,41,42
"IN PDF-left1 target 111829",111828,139902,97829,86811,3,4,4,924,18,20
"IN r 1275769",1275768,122569,73319,61471,3,0,0,650,5,6
"IN r 1306907",1306906,107353,85742,82478,7,4,4,800,29,30
"IN r 1333781",1333780,98339,82380,79671,4,5,5,731,28,31
"IN straight 1293016",1293015,186322,141164,137418,2,1,1,1169,34,36
"IN trunk 1341303",1341302,82547,70516,68007,3,1,1,775,15,20
"IN VNC 1397341",1397340,50711,44518,43405,2,0,0,435,15,17
"IN weird 1347892",1347891,202627,140777,134828,1,5,5,1001,32,34
"IN with trunk soma 802200",802199,133611,74169,68920,6,1,1,946,20,22
"IN-1329885",1329884,147008,127600,125434,7,6,6,870,56,60
"IN-biaxonal_ipsi_l_VNC 1295407",1295406,194584,115985,111608,5,4,4,1365,37,38
"IN1al",22159,385494,261328,249323,59,25,25,2230,134,142
"IN1ar",34044,382363,289215,280473,67,33,33,2060,148,160
"IN1pl",32142,508565,387092,370311,130,41,41,3010,193,224
"IN1pr",37580,423892,319752,305946,114,20,20,2748,150,162
"IN_closetoMC3",854770,194972,146031,139912,8,0,0,1340,52,56
"IN_FMRFa-_right5_withSoma",85723,215984,121777,108926,2,1,1,1405,33,35
"IN_l 1271738",1271737,62676,50157,48316,3,3,3,526,11,13
"IN_NOSdl",1317111,348906,267686,260939,24,20,20,2479,134,144
"IN_NOSdr",257885,430482,290451,276024,28,24,24,2807,138,144
"IN_NOSvl",1292458,272877,213637,206277,13,30,30,1931,101,108
"IN_NOSvr",313716,301535,224067,216376,15,36,36,2243,101,108
"IN_sg0l 1359788",1359787,125270,78213,67694,1,8,8,516,16,17
"IN_sg3 1528624",1528623,64249,51279,49824,4,0,0,500,8,10
"IN_vc_r8 357456-RRT with soma",357455,140741,113014,110281,11,2,2,1042,54,57
"INangle_l 1346139",1346138,134918,110036,107466,1,2,2,1064,43,48
"INangle_r 766683",766682,107350,88857,87250,4,1,1,732,25,28
"INantlercurve 56101",56100,137592,111091,107044,7,22,22,1088,55,63
"INarc1l",1732448,519033,336326,310578,98,49,49,3196,110,117
"INarc1r",774105,463069,295612,272057,77,14,14,2540,111,118
"INarc2l",1306584,677145,434277,413149,64,46,46,5355,147,151
"INarc2r",637265,587934,342262,321047,58,14,14,4243,97,100
"INasc-l 1645748",1645747,294077,147676,135766,5,0,0,1795,32,33
"INasc-r 1446516",1446515,221185,151928,148036,11,7,7,2292,36,37
"INasc_pygl1",1387104,480628,290609,264637,40,15,15,4281,53,55
"INasc_pygl2",2015919,613576,373355,353988,43,25,25,5395,116,121
"INasc_pygr1",1312289,640911,399721,376794,92,35,35,5325,150,155
"INasym_r",1275595,205482,157772,145709,31,9,9,1305,50,52
"INATO_pygl",55057,469858,271890,262838,3,54,54,3685,109,118
"INATO_pygr",1732300,396454,218106,210214,5,54,54,3461,74,79
"INbackcross1_l",1339377,713789,346517,266102,10,4,4,3133,37,39
"INbackcross1_r",1371922,840574,410836,262749,7,1,1,2962,20,22
"INbackcross2_r",1551483,554753,344675,308956,5,3,3,2654,54,57
"INbackcross3_l",1728550,291690,198719,180093,4,0,0,2255,21,24
"INbackcross3_r",577483,222069,154095,146405,4,0,0,1821,19,20
"INbiax_l",801132,496829,331363,299996,20,23,23,3015,86,87
"INbiax_r",798041,941337,503221,458242,30,52,52,5826,117,121
"INbiax_sg1r1 1583195",1583195,380609,164252,156777,10,17,17,2177,60,63
"INbiaxH_sg1l",1304654,437796,180397,165722,15,23,23,2560,55,58
"INbiaxH_sg1r",1562433,189328,101093,96737,9,3,3,1344,34,35
"INbiaxH_sg2l1",1845563,550346,342691,331887,38,63,63,5185,144,153
"INbiaxH_sg2l2",1302247,357461,259213,252044,24,55,54,4089,106,110
"INbiaxH_sg2r",1617129,487457,252926,243102,26,55,55,3591,103,109
"INbiaxHmid_sg2l",1436570,280804,177641,171041,2,19,19,2638,68,70
"INbiaxHmid_sg2r",628517,235598,154875,151250,10,15,15,2496,52,55
"INbiaxLeg_sg2l1",1366510,316766,179299,172706,7,14,14,2552,53,57
"INbiaxLeg_sg2l2",1624567,439665,235934,226939,31,35,35,3222,92,94
"INbiaxLeg_sg2r1",1383171,309448,192426,185151,17,14,14,2886,66,72
"INbiaxonCR_sg1l",1351221,376719,159054,145209,13,27,26,1911,56,58
"INbigloop_l1",1470654,212649,126554,111543,3,4,4,1028,36,41
"INbigloop_l2",1316572,238500,144832,133874,2,4,4,1253,43,45
"INbigloop_r1",1307663,266300,186958,171880,6,5,5,1386,49,52
"INbigloop_r2",1215017,502334,270721,241250,9,21,21,2567,69,72
"INbiped_sg1r",227221,633999,353640,335698,23,77,76,4752,128,129
"INbush 1299491",1299490,99701,85438,83570,5,0,0,687,26,31
"INbush 1732126",1732125,137552,110683,107133,7,0,0,827,44,53
"INbush 762388",762387,133674,107535,104426,6,1,1,850,46,52
"INchaeMech_sg3l",1400756,228946,171526,165218,44,25,25,2507,64,67
"INchaeMech_sg3r",1963755,342884,179292,171889,30,44,44,2840,57,59
"INCM_sg1l1",1312678,515183,228079,205893,95,47,47,2163,79,80
"INCM_sg1r1",1613646,548143,243655,222103,97,72,71,2374,100,104
"INcomm-Downarc_sg2r1",1278959,136035,107656,104875,19,10,10,1541,40,42
"INcomm-DownL_sg1l",1739198,351638,199113,181533,29,44,44,2755,58,60
"INcomm-DownL_sg1r",1652177,397706,193514,184155,18,43,43,3031,57,58
"INcomm-DownL_sg2l1",1386139,147400,113975,111087,23,13,13,1514,35,39
"INcomm-Upcross_sg1l1",827510,489934,299269,277833,9,25,25,2516,86,98
"INcomm-Upcross_sg1r1; INcomm-Uparc_sg1r",908068,487311,228480,195750,14,8,8,2074,43,48
"INcomm-Upcross_sg2l1",1732338,204716,122947,118621,8,7,7,1851,33,35
"INcomm-Upcross_sg2l2",1696456,140714,102128,98441,4,4,4,1572,30,32
"INcomm-Upcross_sg2l3",1947255,351731,209211,191717,15,20,20,2724,35,37
"INcomm-Upcross_sg2r1",1674019,274990,132655,125668,8,11,11,1681,38,41
"INcomm-Upcross_sg2r2",1560783,190858,128423,123068,10,14,14,1633,46,49
"INcomm-Upcross_sg2r3",1488284,346670,173406,163192,11,21,21,2496,41,43
"INcomm-Upcross_sg2r4",1357597,432826,205277,182347,8,5,5,2454,41,42
"INcomm-UpL_pygr_immature",1618091,72878,61471,60594,2,0,0,634,14,16
"INcomm-UpL_sg3l1",1393942,204695,112042,109211,9,0,0,1842,31,32
"INcomm-Upstair_sg3l1",1416527,315003,206255,200057,22,8,8,3344,76,77
"INcomm-Upstair_sg3r1; RF/RYa",1438343,538216,309283,286980,11,7,7,4322,71,75
"INcomm-Upstairs_FVa_PDF_pygl1",1313126,384358,223752,212604,22,5,5,3829,50,53
"INcomm-Upstairs_pygl2",1275367,139843,103962,99006,6,2,2,1841,26,27
"INcomm-Upstairs_pygl3",1281424,91298,73385,71184,2,5,5,1069,16,20
"INcomm-Upstairs_pygl_immature",1278774,81056,64655,62043,6,0,0,821,25,26
"INcomm-Upstairs_pygr1; INcomm-UpL_sg3r",1460009,146568,118485,116290,10,7,7,2053,27,29
"INcomm-Upstairs_pygr2",1409671,107299,87544,86311,3,3,3,1194,27,29
"INcomm-Upstairs_pygr4",1274603,56235,46716,44947,1,0,0,559,11,12
"INcomm-Upstairs_pygr_immature2",1409659,47490,42004,41265,2,1,1,469,9,10
"INcomm_centralcb_sg3r 1732274",1732273,206710,164725,160690,7,0,0,2405,54,57
"INcomm_sg1l 1391501",1391500,100758,66028,61793,4,7,7,459,21,22
"INcomm_sg1l 1395920",1395919,87249,63737,62228,4,4,4,614,22,25
"INcomm_sg1l 147361",147361,168993,92188,86649,7,1,1,1151,13,15
"INcomm_sg1l 1674500",1674499,114892,75586,69337,2,7,7,576,16,17
"INcomm_sg1l 1725738",1725737,171608,98724,93135,9,2,2,1149,27,29
"INcomm_sg1r 1286403",1286402,88678,66172,64403,2,1,1,673,21,23
"INcomm_sg1r 1509405",1509404,132099,94606,92338,2,2,2,976,28,33
"INcomm_sg1r 1600134",1600133,59832,43146,41964,2,0,0,631,7,10
"INcomm_sg1r 1656213",1656212,99301,65381,63178,2,1,1,799,14,15
"INcomm_sg2l 1395576",1829398,142226,111456,109258,5,6,6,1032,42,46
"INcomm_sg2l 1407884",1407883,156354,115699,113210,7,2,2,1530,42,45
"INcomm_sg2l 1545917",1545916,76260,62039,60022,1,2,2,712,21,22
"INcomm_sg2l 1570929",1570928,119296,87932,85307,3,8,8,1189,45,49
"INcomm_sg2l 961337",961337,90908,52828,51315,2,1,1,486,24,25
"INcomm_sg2l 961640",2000315,161493,75330,68515,3,5,5,524,13,16
"INcomm_sg2r 1293816",1293815,75916,61780,59957,4,4,4,622,18,19
"INcomm_sg2r 1380068",1380067,68600,59377,57713,4,2,2,573,23,28
"INcomm_sg2r 1466406",1466405,137854,111267,108813,2,1,1,1055,50,53
"INcomm_sg2r 1482991",1482990,97830,70261,67110,6,3,3,939,23,24
"INcomm_sg2r 958100",958099,174288,84379,79788,5,4,4,851,25,27
"INcomm_sg3l 1393035",1393034,116830,87198,84116,4,0,0,1103,39,40
"INcomm_sg3l 1397628",1397627,75075,64926,63571,3,1,1,744,20,21
"INcomm_sg3l 1409580",1409579,53158,40061,37756,3,1,1,582,5,7
"INcomm_sg3l 1417266",1417265,61707,51692,50211,5,1,1,622,11,12
"INcomm_sg3l1",1412914,67744,56029,54790,2,1,1,771,18,19
"INcomm_sg3l4",1314929,76546,66502,65137,2,6,6,725,26,28
"INcomm_sg3r",1353303,119257,98000,94695,14,5,5,1164,34,36
"INcomm_sg3r 1393084",1393083,107412,87456,84813,13,0,0,1021,33,34
"INcommasc__sg2l",1446561,194064,108768,105301,8,3,3,1695,49,52
"INcommasc_RYa_sg2l",955370,309945,165813,148565,9,3,3,1798,38,40
"INcommasc_sg1l 1347816",1347815,179295,97760,93329,5,0,0,983,29,33
"INcommasc_sg1l 1355728",1355728,419357,240980,211545,10,21,21,2320,58,64
"INcommasc_sg1l 1656441",1656440,252287,134823,117213,15,2,2,1718,13,14
"INcommasc_sg1l 1830525",1830524,319637,199097,172055,17,4,4,2263,52,54
"INcommasc_sg1l 1855014",1855014,442308,250724,228552,19,16,15,2746,64,70
"INcommasc_sg1l 1954576",2014813,157718,93470,89271,11,2,2,1231,26,28
"INcommasc_sg1l 802067",802066,207369,127853,122118,8,15,15,1613,40,41
"INcommasc_sg1r",1755464,377677,222216,206480,12,6,6,2389,71,74
"INcommasc_sg1r 1018304",1018303,201507,127860,121922,3,1,1,1315,51,54
"INcommasc_sg1r 1173304",1173303,220899,130679,121542,8,0,0,1394,26,27
"INcommasc_sg1r 1312587",1312586,229181,125430,117811,14,5,5,1448,40,44
"INcommasc_sg1r 1376351",1376350,181177,99323,93873,15,2,2,1278,32,35
"INcommasc_sg1r 1396375",1396374,164624,113382,110359,7,9,9,1239,38,40
"INcommasc_sg1r 1457435",1457434,291276,173047,155486,7,1,1,1787,47,49
"INcommasc_sg1r 1602681",1602680,179215,103253,92350,11,1,1,1433,17,18
"INcommasc_sg1r 1956010",1956009,350634,182665,130487,11,15,15,1675,39,41
"INcommasc_sg1r 921512",2016881,403532,197052,181064,17,45,45,2150,47,49
"INcommasc_sg2l 1250521",1250520,392350,210707,187018,14,11,11,2308,47,49
"INcommasc_sg2l 1307803",689547,328240,201064,193310,9,7,7,2946,69,72
"INcommasc_sg2l 1313187",1313186,152978,98603,96600,4,1,1,1555,27,28
"INcommasc_sg2l 1421894",1421893,134480,66595,63622,9,34,34,642,10,11
"INcommasc_sg2l 1424525",1424524,169653,101253,96172,5,12,12,1130,34,37
"INcommasc_sg2l 1459187",1459186,119021,75074,69518,1,6,6,1067,23,26
"INcommasc_sg2l 1483100",1483099,167153,96513,93911,5,2,2,1484,29,30
"INcommasc_sg2l 1490676",1490675,144780,101137,97135,5,1,1,1486,37,39
"INcommasc_sg2l 1500208",1500207,257591,107900,100096,9,17,17,1184,37,38
"INcommasc_sg2l 1828979",1828978,374329,212199,204242,21,36,36,3011,97,102
"INcommasc_sg2l 2010225",2010225,169073,98285,91682,3,11,11,1152,32,34
"INcommasc_sg2r 1281474",1281473,233060,103868,95569,8,21,21,1171,26,28
"INcommasc_sg2r 1393553",1393552,164048,118468,114600,5,21,21,1529,63,71
"INcommasc_sg2r 1396320",1396320,279588,161259,156574,8,26,26,2421,56,57
"INcommasc_sg2r 1413806",1413805,63076,51977,50630,10,0,0,609,21,23
"INcommasc_sg2r 1461847",1461846,134184,97732,95223,1,3,3,1159,42,45
"INcommasc_sg2r 1597115",1597114,118353,76592,74965,3,4,4,1104,34,37
"INcommasc_sg2r 1683886",1683885,184476,128846,125029,4,4,4,1692,52,54
"INcommasc_sg2r 1850080",1850079,256830,128742,105138,9,8,8,1540,11,14
"INcommasc_sg2r 1948152",1948151,203438,131730,127316,14,16,16,1601,55,63
"INcommasc_sg2r 2009603",2009602,242755,163216,156541,19,23,23,2161,80,83
"INcommasc_sg2r 2010860",2010859,224524,133526,128317,14,31,31,1742,71,72
"INcommasc_sg2r 247790",247790,410227,197913,187623,7,9,9,2849,61,63
"INcommasc_sg2r2",945180,360742,202138,192047,16,3,3,2382,75,80
"INcommasc_sg3l 1281433",1281433,89055,71753,69599,0,6,6,911,23,24
"INcommasc_sg3l 1293982",1362300,410054,221561,192925,11,8,8,3388,19,22
"INcommasc_sg3l 1383700",1383699,145629,115806,112802,16,10,10,1692,41,43
"INcommasc_sg3l 1393788",1393787,160251,129869,126937,16,17,17,1632,61,63
"INcommasc_sg3l 1396791",1396790,82464,65548,63839,6,0,0,996,20,22
"INcommasc_sg3l 1401123",1401122,162367,125116,122319,9,11,11,1605,52,53
"INcommasc_sg3l 1420086",1420085,166517,122967,119873,8,7,7,1647,54,58
"INcommasc_sg3l 1422885",1422884,116212,85354,82931,6,17,17,1409,16,18
"INcommasc_sg3l 1732322",1732322,82295,67600,65927,4,2,2,1126,12,13
"INcommasc_sg3l1 1732257",1732257,96569,78800,77576,10,19,19,1119,22,23
"INcommasc_sg3r 1172583",1172582,244700,165166,159909,1,2,2,2436,40,42
"INcommasc_sg3r 1323883",1323882,112789,93308,91718,15,4,4,1475,16,17
"INcommasc_sg3r 1390850",1390849,92775,77674,75152,8,7,7,728,24,26
"INcommasc_sg3r 1395094",1395094,151175,100389,96955,11,1,1,1646,20,23
"INcommasc_sg3r 1397286",1397285,149989,121648,118041,9,13,13,1416,64,70
"INcommasc_sg3r 1397327",1397326,161470,129451,125246,18,25,25,1563,69,73
"INcommasc_sg3r 1397640",1397639,128182,100966,98460,9,7,7,1331,49,50
"INcommasc_sg3r 1410777",1410776,79424,63826,62532,4,4,4,895,22,24
"INcommasc_sg3r 1417277",1417276,182111,139067,136666,7,6,6,1937,43,45
"INcommasc_sg3r 1450610",1450610,115109,85822,82318,9,2,2,1144,37,38
"INcommascATO_sg2l",1295953,264742,143007,133023,7,1,1,1731,37,41
"INcommascATO_sg2r2",2007954,275643,178905,172982,7,6,6,2002,77,82
"INcommascATO_sg3l1",1484007,417547,213754,185462,25,10,10,2914,39,40
"INcommascATO_sg3l2",1298484,262272,147353,141494,5,2,2,2586,49,51
"INcommascEnk_sg3l 1017681",1939662,287136,159484,154842,7,5,5,2690,52,54
"INcommascFV_sg2l1",1860656,480158,270065,238802,25,10,10,3460,78,84
"INcommascL_FMRFa_sg2r",55225,395385,187501,176492,13,13,13,2754,55,56
"INcommATO_sg1r",1313602,145567,84661,71036,2,2,2,777,16,17
"INcommdesc_sg1l 1018326",1018325,221970,114493,110441,3,18,18,1421,30,33
"INcommdesc_sg1l 1292353",1292352,340528,171344,165381,11,13,13,2099,77,84
"INcommdesc_sg1l 1449055",2007389,257114,153845,145034,10,11,11,2156,45,47
"INcommdesc_sg1l 1582276",1582275,122830,62023,57904,5,6,6,864,6,8
"INcommdesc_sg1l 1675902",1675901,258798,181577,167047,6,5,5,2400,50,53
"INcommdesc_sg1l 1725003",1725002,179518,93573,88686,7,8,8,1218,35,40
"INcommdesc_sg1l 1846188",1846187,171542,92280,84135,6,9,9,787,26,28
"INcommdesc_sg1l1 1308022",1308022,214605,113171,108789,14,10,10,1360,44,47
"INcommdesc_sg1l2 1488796",1488795,190897,90081,86917,1,9,9,1384,27,29
"INcommdesc_sg1r 1306860",1306859,451019,218240,207888,13,14,14,3085,81,87
"INcommdesc_sg1r 1380151",1380150,242964,146498,140747,5,6,6,2351,42,44
"INcommdesc_sg1r 1407164",1407163,198074,108104,103195,5,19,19,1558,38,39
"INcommdesc_sg1r 1600837",1600836,136090,56083,49504,3,4,4,890,12,13
"INcommdesc_sg2l 1356178",1356178,109761,76859,74448,4,19,18,1258,16,17
"INcommdesc_sg2l 1486137",1486136,172406,128273,124047,12,15,15,1613,60,63
"INcommdesc_sg2l 1592896",1592896,127966,74032,67093,5,8,8,971,15,16
"INcommdesc_sg2l 1937282",1937281,183654,133526,129813,5,16,16,2123,38,41
"INcommdesc_sg2r 1295232",1295231,242056,133370,126048,7,8,8,1646,58,61
"INcommdesc_sg2r 1427618",1427617,222590,157393,152204,27,7,7,2572,46,49
"INcommdesc_sg2r 1731719",1731718,124534,94025,91727,9,17,17,1283,37,38
"INcommdesc_sg2r2",1825348,95708,66855,60395,5,3,3,1028,10,11
"INcommdesc_sg3r 1386951",1386950,112122,89051,82536,5,5,5,1090,25,26
"INcommdesc_sg3r 1411127",1411126,88682,75193,72937,4,3,3,847,29,31
"INcommdesc_sg3r 1416650",1416649,76002,59585,57444,2,1,1,808,22,23
"INcommdesc_sg3r 1421504",1421503,100254,81772,79395,3,7,7,1207,18,19
"INcommdesc_sg3r 1730844",1730843,89808,73069,70063,4,13,13,1039,30,31
"INcommdescATO_sg1r",1480211,269246,114026,106559,8,5,5,1534,33,35
"INcommdescFVa_sg2l",1312363,158439,108378,105248,19,21,21,1559,42,45
"INcommdescFVa_sg2r",1339023,264841,188617,182295,13,42,42,2998,78,83
"INcommFMRFa_sg1l",120363,114461,52140,48899,1,6,6,731,14,15
"INcosplit 1403449",1403448,184573,120091,116081,1,2,2,1808,43,46
"INcosplit_sg1r 1376460",1376459,241384,139894,133589,17,30,30,1817,54,56
"INcosplit_sg2l 1306608",1306608,334863,203922,199293,28,39,38,2986,79,83
"INcosplit_sg2l 1338884",1338884,182555,98682,95051,5,27,27,1305,32,34
"INcosplit_sg2l 1382872",1382871,86406,67385,65376,5,2,2,850,29,30
"INcosplit_sg2l 1436507",1436506,154782,119468,115769,13,9,9,1561,56,58
"INcosplit_sg2l 1472929",1472928,132114,92608,90391,12,10,10,1423,33,34
"INcosplit_sg2l 1479581",1479580,258553,187045,181797,5,6,6,2664,73,79
"INcosplit_sg2l 1957231",1957230,166737,118555,115900,6,2,2,1589,35,36
"INcosplit_sg2l2",1329930,136124,101676,98690,6,8,8,1454,25,27
"INcosplit_sg2r 1314140",1314140,262634,160567,153920,19,23,23,2332,52,54
"INcosplit_sg2r 1379512",1379511,72465,54497,52500,3,9,9,775,14,17
"INcosplit_sg2r 1405840",1405840,140438,104408,102331,10,27,27,1353,38,40
"INcosplit_sg2r 1436494",1436493,86556,70046,68694,3,3,3,729,25,26
"INcosplit_sg2r 1971465",1971464,192049,138632,135083,12,22,22,1662,65,67
"INcosplit_sg2r 2010916",2010915,228727,152812,147701,8,20,20,2285,55,56
"INcosplit_sg2r1 1626390",1626390,148950,107219,104353,11,6,6,1554,31,32
"INcosplit_sg2r1 1731014",1731014,504421,270035,260429,48,77,76,4139,91,95
"INcosplit_sg3l",1382859,130642,100958,98539,6,15,15,1453,28,31
"INcosplit_sg3r",1400126,161719,128501,123644,16,16,15,1927,50,54
"INcosplit_sg3r 1696563",1696562,106876,84764,82126,3,0,0,1385,25,26
"INcosplit_sgr1",1600828,156192,64336,61017,12,9,9,785,27,30
"INcosplitATO_sg1l2",1493426,252006,144334,138188,4,15,15,1772,50,52
"INcross_l1; INvc_l1",776455,195329,152246,146190,5,2,2,1066,65,76
"INcross_l2",1317942,141449,116547,114398,1,6,6,970,49,53
"INcross_l3",1333887,117315,105138,103804,6,4,4,656,48,53
"INcross_l4",1302082,81621,68883,67127,4,3,3,578,28,29
"INcross_r1",1425033,231575,189453,180412,3,9,9,1552,75,82
"INcross_r2",1329970,136474,119529,116698,3,2,2,795,31,36
"INcross_r3",1282582,111068,98590,97014,2,1,1,634,24,26
"INcross_r4",1321672,122874,98074,96365,3,1,1,933,46,53
"INCrossbow__l",117385,499860,319274,296083,50,24,24,3146,114,123
"INCrossbow_r",119436,731809,514359,479468,51,18,18,4516,160,165
"INdc_l1",73954,226887,148531,142897,9,6,6,1180,62,70
"INdc_l2",409861,238013,167184,153819,7,26,26,1216,58,71
"INdc_r1",414949,148117,126429,124189,7,5,5,1026,62,67
"INdc_r2",1473074,178971,128465,123049,4,1,1,1105,47,51
"INdc_r3",671957,108329,90297,88601,5,2,2,833,30,35
"INdecus-desc_l 1328478sg1",1328477,102552,65632,61602,3,0,0,740,18,24
"INdecus-short_r 1385498_sg3",1385497,88260,72177,70884,5,3,3,1015,21,23
"INdecuss_l 1307746",1307745,301076,178819,152506,9,0,0,1572,32,37
"INdecuss_l 1318237",1318236,134296,95776,91438,4,2,2,962,14,16
"INdecuss_l 1318496",1318495,190331,161350,158119,4,11,11,1300,87,95
"INdecuss_l 1321532",1321532,310759,211059,167011,5,6,6,2002,39,42
"INdecuss_l 1354049",1482547,477008,254199,224979,11,12,12,2797,52,56
"INdecuss_l 1560655",1560655,334219,211635,200860,5,5,5,1968,88,92
"INdecuss_l 1635280",1635279,167519,122192,119490,3,1,1,1090,45,50
"INdecuss_l 1855915",1855915,459367,254590,234245,13,18,18,3275,61,63
"INdecuss_l 1855933",1855933,348049,200471,183717,24,14,14,2300,51,52
"INdecuss_l 1856972",1856971,361945,227436,210504,11,26,26,2497,46,51
"INdecuss_l 241833",1842067,378511,224757,213307,11,4,4,2277,71,81
"INdecuss_l 54909",54909,295684,152512,138561,9,2,2,1387,47,49
"INdecuss_l 780916",780915,395750,264631,248170,6,31,31,2619,63,64
"INdecuss_r 1013576",1433418,518712,273629,255622,23,54,54,3557,68,73
"INdecuss_r 111232",111231,158161,117632,114037,3,1,1,1192,42,47
"INdecuss_r 1272025",1789261,348994,188016,157947,5,5,5,1879,37,38
"INdecuss_r 1321500",1645026,392767,230588,215090,11,17,17,2397,68,75
"INdecuss_r 1363308",556718,516085,295540,270528,10,21,21,3528,106,114
"INdecuss_r 1371848",1371847,151076,121909,118333,8,7,7,1041,60,66
"INdecuss_r 1449340",1449339,185846,126123,118354,8,7,7,1340,37,39
"INdecuss_r 1701850",1701849,398284,233158,203660,8,16,16,2646,55,56
"INdecuss_r 1796980",2001055,543847,308449,274918,8,13,13,4036,71,76
"INdecuss_r 1928680",1928680,204913,140146,125177,2,1,1,1210,38,42
"INdecuss_r 1928755",1928754,389012,236271,219990,13,10,10,3132,73,75
"INdecuss_r 2017536",2017535,208305,152168,147279,7,8,8,1417,53,55
"INdecussfoot_l",1338468,320993,214997,174650,26,5,5,1789,64,69
"INdecussfoot_r",1345461,419214,269706,258062,53,43,43,2946,101,104
"INdecusshook_l",1339608,458182,266080,251688,49,25,25,3556,64,67
"INdecusshook_r",1343467,509290,305033,279471,37,18,18,3842,93,96
"INdecussn2_l 1264499",1264498,526565,322833,292704,22,18,18,3869,96,107
"INdecussPDF_r 111949",111948,434638,222876,200516,14,14,14,2593,57,59
"INdecussPre_l",1704860,621576,345622,318177,18,15,15,3532,115,130
"INdecussPre_r",1654629,443373,242851,227015,40,10,10,2515,71,73
"INdesc_l 106879",106879,256922,133550,112765,5,1,1,1448,37,38
"INdesc_l 1259647",1797187,301404,188485,168945,14,18,18,2146,43,46
"INdesc_l 1291724",361741,466123,219717,196390,26,24,24,2426,43,45
"INdesc_l 1320922",1320921,647763,344854,295481,19,21,21,4427,81,84
"INdesc_l 1498371",1498370,271435,144987,136478,9,8,8,2159,23,24
"INdesc_l 252984",252984,413371,203302,183239,11,13,13,2394,39,41
"INdesc_l 296187",296186,258249,149823,132935,10,18,18,1427,25,28
"INdesc_r 1342039",1356971,328159,200991,184420,10,20,20,2148,47,49
"INdesc_r 1398574",1398573,250152,157208,147960,1,5,5,1305,37,39
"INdesc_r 1731420",1731420,325805,186105,172364,11,9,9,2151,47,49
"INdesc_r 1975752",1975751,452309,248029,224721,20,14,14,2967,56,61
"INdesc_r 1998558",1998558,253990,129251,122213,8,12,12,1944,35,39
"INdesc_r 335229",335229,381846,223177,200979,13,12,12,2149,70,73
"INdesc_r 393182",393182,214278,140913,128028,7,0,0,1411,15,16
"INdesc_r 897644",897643,415529,260008,245598,52,36,36,2897,76,78
"INdesc_sg2r 1491578",1491577,200566,131779,128371,14,2,2,1937,48,49
"INdescFMRF_l",1932988,602494,284664,258128,13,27,27,3671,77,82
"INdescFMRF_r",1957288,617263,319377,283041,16,17,16,3509,94,97
"INdescLuqinPDF_l",1797181,673249,383080,365022,38,100,100,5097,155,158
"INdescLuqinPDF_r",1293005,681913,422503,398916,50,65,65,5145,170,177
"INdescRFa_r",2019137,321409,182751,173618,9,12,12,2132,40,42
"INdescRGWa_r",1302266,441590,225212,203118,19,22,22,3134,52,54
"INdinofl_vnc_r5 653848",653848,356667,266418,258431,21,8,8,3511,60,62
"INDLSO_l",1271721,135394,105326,102228,9,8,8,961,59,61
"INDLSO_r",1311897,230764,193625,189666,9,26,26,1768,89,96
"INfoot_l1",1298898,152695,114205,111079,14,27,26,1234,58,61
"INfoot_l2",1276040,136980,105763,102382,1,13,13,927,52,59
"INfoot_r1",1064990,151289,125583,122649,18,36,35,1261,60,65
"INfoot_r2",1371619,123092,99551,97053,4,22,22,818,42,46
"INFVa_pygl1",1678918,507489,285706,276176,35,49,48,4334,115,118
"INFVa_pygr1",369396,415796,243774,236454,35,54,54,3826,83,84
"INh_l",1377274,131573,95401,89466,1,7,7,854,30,33
"INhead 1303656",1303655,138050,110031,106182,5,7,7,875,34,39
"INhead 1318966",1318965,114428,92625,90270,2,7,7,841,31,35
"INhead 1360558",1360557,159466,125772,110360,1,7,7,1089,20,21
"INhead 1426733",1426732,155464,119102,114851,1,3,3,1189,17,18
"INhead_l",1282477,125392,94266,87049,1,2,2,695,23,26
"INhead_l 1157465",1157465,148295,92367,87697,4,16,16,848,15,16
"INhead_l 1272535",1272534,208176,170788,167660,14,5,5,1413,93,105
"INhead_l 1273540",1273539,51315,42995,41573,1,3,3,581,8,9
"INhead_l 1273555",1273554,146479,124082,122555,7,3,3,1186,52,56
"INhead_l 1273564",1273563,112314,89082,86680,17,7,7,1079,46,48
"INhead_l 1275917",1275916,123227,103375,98374,2,8,8,725,24,28
"INhead_l 1276148",1276147,106278,74207,62613,8,13,13,591,19,22
"INhead_l 1299668",1299667,61745,46893,38040,1,1,1,547,14,15
"INhead_l 1300036",1300035,123786,91705,88523,12,4,4,672,33,35
"INhead_l 1303297",1303297,99866,65337,63304,2,5,5,526,18,20
"INhead_l 1303844",1732439,211342,156010,151845,9,16,16,1358,64,67
"INhead_l 1316532",1316531,130504,89324,84263,19,5,5,678,24,26
"INhead_l 1317376",1317375,63153,46780,45091,5,2,2,659,19,20
"INhead_l 1318603",1318602,235954,153115,134666,3,7,7,1477,36,37
"INhead_l 1321570",1281988,110935,86167,82917,3,10,10,779,21,23
"INhead_l 1335646",1335645,192065,141907,119667,3,16,16,944,47,54
"INhead_l 1337355",1337354,63945,50598,49109,2,6,6,626,9,11
"INhead_l 1349858",1349857,76446,63275,61740,3,1,1,644,17,18
"INhead_l 1354682",1354681,159267,117865,111830,6,8,8,1034,35,38
"INhead_l 1454847",1454846,96914,74409,70082,7,2,2,806,31,32
"INhead_l 1471451",1471450,144729,112882,109921,4,7,7,1083,39,40
"INhead_l 1627480",1627479,100626,49901,45917,5,1,1,554,8,9
"INhead_l 1957213",1957212,88595,47589,38795,3,1,1,536,4,5
"INhead_l 223221",223220,136781,101729,98147,2,1,1,796,37,40
"INhead_l 493318-T",493317,191501,134570,126423,13,7,7,998,45,51
"INhead_l 537119",537119,221241,161328,154528,9,1,1,1457,68,73
"INhead_l 649900",649899,179775,127636,122027,18,6,6,1327,57,58
"INhead_l 770520",770519,74006,57183,55587,3,0,0,485,31,32
"INhead_r  331495",331495,209664,141551,129624,5,0,0,1131,31,34
"INhead_r 1280538",1280537,122421,94998,87087,7,6,6,1030,24,25
"INhead_r 1285307",1285306,123052,100347,98014,5,12,12,1048,50,53
"INhead_r 1304980",1304979,97624,77885,75176,5,2,2,916,25,27
"INhead_r 1311698",1311697,253381,186500,178914,8,21,21,1179,47,51
"INhead_r 1330968",1744577,328651,243109,230940,16,5,5,1984,72,77
"INhead_r 1332248",1332248,110244,91147,89254,4,7,7,651,32,35
"INhead_r 1332390",1332389,153890,124365,119231,8,6,6,1112,50,58
"INhead_r 1334544",1334543,157896,126623,117986,1,5,5,900,38,44
"INhead_r 1340648",1340647,160115,129485,124738,6,17,17,1073,40,43
"INhead_r 1345238",1345237,96608,78395,76706,5,10,10,623,30,32
"INhead_r 1346363",1346362,94190,83384,81435,8,0,0,606,19,20
"INhead_r 1354526",1354525,173744,138595,135351,3,10,10,1022,44,50
"INhead_r 1354777",1354776,107268,92212,89776,5,7,7,871,37,42
"INhead_r 1359695",1359694,58060,52685,51949,6,1,1,469,20,21
"INhead_r 1359972",1359971,180591,149993,147000,1,1,1,1164,68,78
"INhead_r 1430234",1430233,154834,113917,109849,0,6,6,1107,40,41
"INhead_r 1474794",1474793,86683,69106,65292,6,1,1,632,21,24
"INhead_r 149323",1016678,128674,87170,77051,2,2,2,673,8,9
"INhead_r 1578085",1578084,351165,196963,174470,10,5,5,1714,50,56
"INhead_r 1929588",1929587,150991,91641,69637,10,0,0,650,13,15
"INhead_r 2007061",2007060,151477,104058,99159,12,0,0,1208,37,39
"INhead_r 786571",786570,211465,175590,171094,5,4,4,1064,56,64
"INhead_r; INintr3",392410,184691,155982,153614,5,3,3,847,52,62
"INhead_r; INintr6",54919,260064,193079,185841,7,1,1,1703,52,55
"INheadPDF_l 1261996",1261995,168060,125688,122811,9,3,3,1087,42,47
"INheadr 1987742",1987741,189654,119899,111399,1,1,1,939,23,25
"INhook_l",1314425,165356,133059,129420,10,21,21,1075,58,62
"INhook_r",1284610,174013,140689,137789,15,22,22,1028,48,55
"INhorn_l",1356253,260774,157651,147185,23,19,19,1565,45,48
"INimmature_r 1409347",1409346,149823,113591,104696,4,4,4,1010,22,25
"INintl1",387680,200174,123983,115819,16,11,11,1005,53,57
"INintl3",1406825,185623,118948,110024,5,2,2,1061,35,40
"INintl4",55238,215394,131589,123320,5,2,2,1269,49,60
"INintl5",73059,177549,110507,103982,11,5,5,1108,38,40
"INintr1",328632,236183,176761,166462,18,2,2,1208,63,76
"INintr4",40141,227800,175943,171071,11,9,9,1148,75,89
"INintr5",48718,201611,142730,135096,7,2,2,1297,49,54
"INipsi-bifushort_r 1567362",1567361,152967,74130,66493,9,0,0,905,21,22
"INipsi-short_l 1384594",1384593,42904,33191,32325,3,2,2,549,7,10
"INipsiasc-short_sg3r 1178654",1178653,69464,51757,50670,7,1,1,722,21,23
"INipsiasc_dorsalcellbo_r_1353434sg1",1353433,109768,65441,63317,2,4,4,938,17,19
"INipsiasc_Latcb_r 1355224",1355223,210669,107870,103873,3,12,12,1491,32,33
"INipsiasc_pygl 1385969",1385968,44977,34347,33163,5,1,1,768,3,4
"INipsiasc_pygr 1366161",1366160,222513,155282,147802,9,2,2,2301,47,50
"INipsiasc_sg0l 1272871",1272870,157369,118440,112362,1,1,1,793,49,55
"INipsiasc_sg0r 1370694",1370693,95952,74781,72949,2,6,6,649,25,28
"INipsiasc_sg0r 1742613",1742612,307791,201522,162166,6,17,17,1463,36,41
"INipsiasc_sg0r 1855340",1855339,133583,96869,89137,14,0,0,627,24,28
"INipsiasc_sg1l 1082471",1082470,138859,90573,85548,1,3,3,1116,27,31
"INipsiasc_sg1l 110893",110892,343123,193719,185540,15,27,27,2261,48,49
"INipsiasc_sg1l 1308878",1308877,268460,146048,129188,6,3,3,1568,20,22
"INipsiasc_sg1l 1345867",1345866,294722,184116,171113,10,15,15,1961,50,57
"INipsiasc_sg1l 1827287",1827286,271609,137611,126462,10,8,8,1784,32,33
"INipsiasc_sg1l 1950394",1950393,261705,166086,151947,13,12,12,1922,43,44
"INipsiasc_sg1l 2001305",1827444,263069,172901,153704,7,7,7,1679,26,28
"INipsiasc_sg1r",1340398,230429,142946,127086,4,7,7,1546,29,31
"INipsiasc_sg1r 1280330",1280329,357497,218069,199233,23,15,15,2218,54,57
"INipsiasc_sg1r 1357013",1794992,254308,120960,98161,5,0,0,1269,19,20
"INipsiasc_sg1r 1438735",1438734,253880,124765,90245,1,2,2,1348,11,12
"INipsiasc_sg1r 1452160",1452159,217582,110696,97564,3,1,1,1335,19,20
"INipsiasc_sg1r 1458093",1458092,169273,93177,86746,2,0,0,1072,18,19
"INipsiasc_sg1r 1650726",1650725,164720,81076,76691,1,8,8,936,29,31
"INipsiasc_sg1r 1797851",1797850,261942,141129,105393,2,3,3,1320,14,16
"INipsiasc_sg1r 259764",259763,225027,113718,104271,0,6,6,1506,21,23
"INipsiasc_sg2l 1279738",1546007,391022,202391,173573,12,6,6,2836,50,55
"INipsiasc_sg2l 1354210",1354209,267283,137531,132850,10,22,22,2046,51,53
"INipsiasc_sg2l 1395840",1395840,158919,71489,68160,8,11,11,1152,16,17
"INipsiasc_sg2l 1417624",1987526,181496,85560,83249,4,5,5,759,29,31
"INipsiasc_sg2l 1419967",2015926,467100,241210,203925,22,2,2,2845,53,57
"INipsiasc_sg2l 1441051",1441050,222826,107207,101415,5,7,7,1549,36,39
"INipsiasc_sg2l 1456639",1456639,178937,92395,87942,15,16,16,1259,35,36
"INipsiasc_sg2l 1462226",1462225,119369,65896,63899,6,2,2,944,16,17
"INipsiasc_sg2l 1462291",1462290,110732,68568,64369,6,0,0,1086,32,34
"INipsiasc_sg2l 1520676",1520675,188265,107893,101978,3,29,29,1614,47,50
"INipsiasc_sg2l 1686417",2015432,237010,105054,93575,3,0,0,1398,19,21
"INipsiasc_sg2l 1957860",1957859,207656,105835,100377,3,3,3,1670,35,38
"INipsiasc_sg2l 1959422",1959421,266384,136243,128570,8,5,5,1628,36,37
"INipsiasc_sg2l 2001381",2001380,256431,131393,103564,10,5,5,1588,23,24
"INipsiasc_sg2l 505209",505209,223514,120983,113371,9,2,2,2259,19,21
"INipsiasc_sg2l 764616",764615,311947,165582,159762,19,30,30,2469,65,67
"INipsiasc_sg2r 1313054",1313053,391857,150062,128922,3,0,0,1969,38,39
"INipsiasc_sg2r 1441374",1441373,87902,65909,64981,2,3,3,907,16,17
"INipsiasc_sg2r 1441615",1441614,126232,77544,75548,8,2,2,1031,16,17
"INipsiasc_sg2r 1446192",1446191,92685,53099,51852,8,0,0,853,11,12
"INipsiasc_sg2r 1447993",1447992,96679,72984,69121,3,3,3,1102,29,32
"INipsiasc_sg2r 1448859",1448858,166837,108991,105829,6,0,0,1711,39,45
"INipsiasc_sg2r 1454390",1450796,178126,95645,91723,7,9,9,1474,39,41
"INipsiasc_sg2r 1454629",1454628,220093,113094,108713,9,0,0,1647,40,43
"INipsiasc_sg2r 1460632",1460631,96190,58797,56670,6,2,2,776,24,25
"INipsiasc_sg2r 1483033",1483032,114391,91689,89785,6,9,9,1206,47,48
"INipsiasc_sg2r 1839509",1839508,131117,90036,84549,1,7,7,1004,29,32
"INipsiasc_sg2r 1841159",1841158,105281,72300,70115,0,16,16,904,15,16
"INipsiasc_sg2r 1850682",1850681,436478,202705,182373,11,2,2,2511,39,43
"INipsiasc_sg2r 2000807",2000806,90681,64721,63221,5,0,0,888,21,22
"INipsiasc_sg3l 1274440",1274440,271308,137352,132623,6,7,7,2556,37,39
"INipsiasc_sg3l 1274482",1683821,297018,161243,154952,21,16,16,2654,62,64
"INipsiasc_sg3l 1275244",1275243,192150,152531,149100,5,9,9,2251,36,39
"INipsiasc_sg3l 1389372",1389371,127928,102086,99216,9,1,1,1565,36,40
"INipsiasc_sg3l 1396755",1396754,119505,92312,90647,2,4,4,1329,29,30
"INipsiasc_sg3l 1409562",1409561,297944,177550,171097,16,33,33,2711,59,60
"INipsiasc_sg3l 1414340",1414339,84877,69311,68067,2,1,1,1164,15,17
"INipsiasc_sg3l 1521492",1521491,148195,68724,66676,18,0,0,1356,19,20
"INipsiasc_sg3l 1699768",1699767,84767,66297,63314,10,4,4,752,32,34
"INipsiasc_sg3l 2000956",2000955,164656,97613,94343,4,11,11,1548,25,26
"INipsiasc_sg3l 565080",565079,188497,94772,91080,6,0,0,1620,13,14
"INipsiasc_sg3l1 1386659",1386659,106578,83863,81830,7,1,1,1180,30,34
"INipsiasc_sg3r 1172205",1845855,415029,253946,217007,27,6,6,3419,51,54
"INipsiasc_sg3r 1172370",1380543,612559,375079,355742,44,30,30,4960,108,113
"INipsiasc_sg3r 1278419",1278418,75367,56924,55547,4,0,0,981,10,11
"INipsiasc_sg3r 1372364",1372363,108927,91298,89431,6,3,3,1449,32,33
"INipsiasc_sg3r 1378972",1407854,162936,104113,99125,6,4,4,1734,28,30
"INipsiasc_sg3r 1381576",1381575,115450,91596,88215,19,3,3,1295,35,40
"INipsiasc_sg3r 1388789",1388788,58272,50439,49294,5,3,3,701,17,19
"INipsiasc_sg3r 1400536",1400535,152570,116746,114147,13,9,9,1572,37,40
"INipsiasc_sg3r 1404986",1404985,77784,60188,58490,4,0,0,884,23,25
"INipsiasc_sg3r 1443736",1443735,166884,93469,89995,1,0,0,1477,22,23
"INipsiasc_sg3r 1934818",1934818,301118,167925,162508,13,17,17,2659,52,54
"INipsiasc_sg3r 1976064",1976063,236831,154005,148854,21,27,27,2399,52,54
"INipsiasc_sg3r 478001",478001,64261,45288,44343,11,8,8,741,12,13
"INipsiascATO_sg1r",1957722,311369,163409,143219,6,6,6,1807,30,33
"INipsiascFVa_sg3r2",1340899,377138,174792,163802,19,45,45,2912,33,34
"INipsiascMIP_pyg",445419,102726,71413,69676,10,8,8,1053,24,25
"INipsidesc_sg1 185521",185521,418386,218611,209000,17,22,22,3842,57,60
"INipsidesc_sg1l 1297502",1297501,205264,103649,99367,6,6,6,1678,30,31
"INipsidesc_sg1l 1305462",1305461,132583,85951,80637,8,1,1,875,27,29
"INipsidesc_sg1l 1309033",1309032,332635,174988,166701,11,11,11,2361,59,69
"INipsidesc_sg1l 1397888",1397887,180120,94137,90881,9,11,11,1501,24,25
"INipsidesc_sg1l 1419640",1419639,130008,78138,75454,5,1,1,817,28,30
"INipsidesc_sg1l 1447878",1447877,202118,112478,106461,9,17,17,1424,22,23
"INipsidesc_sg1l 1455179",1455178,186863,99558,92368,13,10,10,1339,36,40
"INipsidesc_sg1l 1499595",1499594,147334,52113,50016,3,15,15,769,15,16
"INipsidesc_sg1l 1645790",1645789,327819,144663,136724,10,20,19,1612,57,62
"INipsidesc_sg1l 1742501",1742500,237318,125575,118594,3,3,3,1497,48,50
"INipsidesc_sg1l1 932288",932287,376430,221131,213919,20,22,21,3094,78,82
"INipsidesc_sg1r 1000273",1000272,279449,148938,143886,18,15,15,2355,58,61
"INipsidesc_sg1r 1339454",1339453,69525,46202,44398,1,1,1,708,15,16
"INipsidesc_sg1r 1378190",1378190,277675,154796,147808,29,16,16,2923,26,29
"INipsidesc_sg1r 1403262",1403261,127603,68741,61858,3,4,4,854,21,23
"INipsidesc_sg1r 1405400",1405399,114467,75493,73630,8,19,19,1117,30,32
"INipsidesc_sg1r 1408039",1408038,230907,113120,106625,1,4,4,1664,41,43
"INipsidesc_sg1r 1426566",1426565,309429,147332,104230,4,16,16,1982,36,37
"INipsidesc_sg1r 1489890",1489889,137377,82661,80654,1,9,9,1262,16,17
"INipsidesc_sg1r 1582965",1582964,159824,90236,78266,12,16,16,1451,22,24
"INipsidesc_sg1r 1603828",1603827,144145,88697,84845,6,5,5,1156,30,32
"INipsidesc_sg2l",1323773,95234,70292,68638,2,19,19,1156,11,12
"INipsidesc_sg2l 1381502",1381501,78385,66432,64528,8,4,4,883,11,12
"INipsidesc_sg2l 1397353",1397352,350429,194310,185312,21,25,25,2843,77,81
"INipsidesc_sg2l 1611443",1611442,104346,81891,79106,11,8,8,1017,34,35
"INipsidesc_sg2r",1957108,116689,83951,80350,11,30,30,1142,28,29
"INipsidesc_sg2r 1469562",1469561,183730,134952,130553,4,0,0,2046,65,69
"INipsidesc_sg2r 1469616",1469615,114327,89089,85552,2,6,5,1256,28,33
"INipsidesc_sg2r 1477379",1477378,78788,61904,60067,6,0,0,844,23,26
"INipsidesc_sg2r 1797828",1797827,155192,71160,67637,2,1,1,993,24,26
"INipsidesc_sg2r 2010340",2010340,165303,102514,95967,3,36,36,1494,49,52
"INipsidesc_sg2r 758872",758871,161482,118483,114695,15,4,4,1687,47,51
"INipsidesc_sg3l 1397347",1397346,66175,55241,52283,7,6,6,763,16,18
"INipsidesc_sg3l 1424854",1424853,99136,80191,78646,4,7,7,1256,28,29
"INipsidesc_sg3l 1430492",1430491,91982,71337,70077,5,2,2,931,25,28
"INipsidesc_sg3r 1435059",1435058,68557,54304,52407,3,4,4,857,10,12
"INipsidesc_sg3r 1841403",1841402,51389,36453,35980,5,0,0,478,9,10
"INipsidescATO_sg1l",1957030,139865,67201,63882,0,2,2,997,30,32
"INl 1342142",1342141,137060,86007,77422,2,2,2,821,23,25
"INl 1345151",1345150,107771,85600,82819,5,5,5,749,35,38
"INlasso_l1",1303909,168991,126282,122525,3,7,7,1091,58,65
"INlasso_l2",1354390,154453,121824,115535,6,40,40,1065,40,42
"INlasso_l3",1273359,110925,90704,89339,3,6,6,678,23,24
"INlasso_postSN_l1",1345703,275948,212436,200944,23,28,28,1595,83,92
"INlasso_postSN_r1",1273131,227978,181123,168547,20,35,35,1629,63,65
"INlasso_r1",1314734,139233,111812,107917,16,7,7,991,40,41
"INlasso_r3",1304775,151923,125171,122277,5,8,8,982,60,67
"INlasso_r4",1185115,160395,133224,131162,1,7,7,857,56,59
"INlassoRGWa_r2",1331032,169405,133208,122426,12,20,20,1057,46,50
"INlat1_l",1354406,101338,74387,69829,12,26,26,678,23,25
"INlat1_r",1332314,146896,123378,119686,3,16,16,938,46,51
"INlat2_l",1717565,127195,93124,89152,4,9,9,884,44,47
"INlat2_r",1330831,97208,80696,79070,4,15,15,679,30,34
"INleucoPU_sg1l",1404567,462224,241074,233095,46,116,116,3519,83,84
"INleucoPU_sg1r",1829164,365287,216455,207675,43,126,126,3151,71,74
"INlongCR-UpL_sg3r1",1616645,123605,94620,92615,29,13,13,1101,43,45
"INloop 1348200",1348199,279171,229648,224601,19,18,18,1874,99,111
"INMC3_l",1365661,233837,131849,114478,7,15,15,1193,31,32
"INMC3_r",1321475,234431,146861,136561,11,24,24,1354,30,33
"INmeta_sg0r",824903,337931,240819,193160,10,21,21,1415,41,45
"INmidL_l1",1360179,154925,120277,117558,2,1,1,1086,62,69
"INmidL_l2",1337238,101840,87611,86513,1,0,0,821,35,42
"INmidL_r2",1299586,131148,107846,104541,3,0,0,887,48,56
"INMIP_l 1732421",1732420,224000,171087,166933,11,13,13,1555,80,85
"INmus_l",1334234,128903,100778,99168,7,6,6,914,41,42
"INmus_r",364674,151126,126552,123998,5,6,6,1006,45,48
"INPDF-lcl1",1337258,413604,240901,226238,24,26,26,2853,59,65
"INPDF-lcr1",1293518,323783,196876,175544,23,8,8,1831,37,40
"INPDF-lcr2",1287449,193692,136113,119357,11,1,1,1155,24,27
"INPDF_sg2r",280016,258006,111135,106838,11,18,18,1332,31,33
"INpear_l1",1285075,103057,84390,82251,4,10,10,757,23,24
"INpear_l2",41848,178055,141941,139103,1,13,13,1064,58,63
"INpear_r1",1304469,112058,94097,91338,2,5,5,863,27,28
"INpear_r2",857325,175630,140549,137344,3,13,13,846,58,66
"INperiasc_sg1l",1602700,171940,89480,71553,2,2,2,1044,10,11
"INperiasc_sg1l 1391562",1391561,216597,124126,112983,13,5,5,1093,35,36
"INperiasc_sg1r 1357167",1357166,370497,182847,158987,11,8,8,2144,27,29
"INperiasc_sg3r 1341141",1341140,211972,155118,146793,7,32,32,2136,23,25
"INperif 1663435",1663434,93967,57645,55006,3,1,1,660,10,11
"INperif_sg2l",1848315,220457,174756,166736,3,4,4,2092,35,36
"INperifasc_sg2r 1845306",1845305,283053,160857,146291,10,45,45,2255,30,32
"INperifsplit_sg1l 1592517",1588133,241369,147472,120062,5,8,8,1582,22,23
"INpreLadder_sg3l",1432915,110488,86955,84296,3,10,10,1128,20,21
"INpreLadder_sg3r",1732295,113880,95417,91981,4,11,11,1126,32,35
"INpreLadderATO_sg2l",2000850,289705,173486,168401,20,37,37,2085,75,78
"INpreLadderATO_sg2r",1829214,269759,146103,139239,14,36,36,1866,54,56
"INpreMN1l",1054945,183848,143193,138653,13,25,25,1247,71,82
"INpreMN1r",1304968,154193,127182,123799,7,22,22,1041,61,67
"INpreMN2l",355224,121020,101170,98943,7,21,20,678,39,43
"INpreMN2r",1285310,144461,120394,116547,2,31,31,962,51,58
"INpreMN3l",45548,213753,166463,163627,10,18,18,1084,58,66
"INpreMN3r",190983,225189,174075,167094,10,14,14,1509,61,70
"INpreMNob 1394877",1394876,232539,172099,168774,17,25,25,2869,86,89
"INpreMNob_sg2l",1487196,138228,107945,105528,4,15,15,1458,50,52
"INpreSer_l",1301268,201082,162350,157519,7,34,34,1528,63,65
"INpreSer_r",1285393,190061,159331,152620,7,32,32,1386,50,57
"INpro_l1",92619,529096,301140,263749,16,31,31,3262,75,81
"INpro_l2; INvc_l2",498302,445828,277988,267299,20,14,14,2911,99,114
"INpro_l3",499451,549238,318478,299564,27,25,25,3576,111,118
"INpro_l4",1302031,146352,103223,100641,7,7,7,925,35,39
"INpro_l5",1340805,228519,172090,166864,16,11,11,1528,79,83
"INpro_l6",1465914,238702,158351,142974,18,19,19,1403,37,40
"INpro_r1",366190,571706,348276,328931,41,29,29,4081,117,134
"INpro_r2; INvc_r7",493786,393157,229381,214648,15,27,27,2429,87,94
"INpro_r4",1321665,174871,134532,128992,11,9,9,1202,55,61
"INpro_r6",1285875,244746,156068,145607,7,17,17,1355,45,49
"INpro_r7",1292947,188813,121218,117517,3,7,7,1191,36,41
"INproATO_r3",1430426,400552,248656,233010,21,17,17,2859,87,88
"INproT2_l1",1489563,533598,310967,282114,23,15,15,3077,100,116
"INproT2_l2; INpro_l2",385141,523504,289986,248768,22,24,24,3456,82,89
"INproT2_r1; INpro_r4",108173,421066,253084,215755,23,5,5,2424,77,86
"INproT2_r2; INpro_r2",923710,543924,290441,261116,22,19,19,3117,109,121
"INproT3_r1; INpro_r3",557944,407583,230567,218589,5,11,11,2326,79,84
"INr 1065084",1065083,192898,106737,97206,3,3,3,952,21,24
"INr 1272524",1272523,132939,113080,110174,6,0,0,894,46,54
"INr 1275592",1275591,144719,104800,90391,1,4,4,668,17,23
"INr 1328674",1328673,122518,84580,79346,1,4,4,768,23,27
"INr 1340704",1340703,122992,102790,100747,9,12,12,927,51,57
"INr 1369463",1369462,114723,91439,87496,3,1,1,713,29,30
"INr 1372594",1372593,125341,96378,87098,0,3,3,794,18,21
"INr 469849",469848,199511,155124,151472,9,2,2,1087,62,69
"INr VLSO target1325813",1325812,122579,91159,85618,5,13,13,620,13,14
"INR1_l1",1265951,309116,211357,199018,13,6,6,1784,67,75
"INR1_l2",67795,318853,207142,196062,2,5,5,1750,88,98
"INR1_r1",1328854,318634,215883,204170,13,15,15,1930,81,90
"INR1_r2",1704627,290693,192395,174867,3,3,3,1535,65,66
"INRGWa-dcl1",251790,536242,391348,377101,78,36,36,3802,184,193
"INRGWa-dcl2",1292427,531372,414339,400424,64,50,50,3741,223,246
"INRGWa-dcr1",246584,578564,453854,439112,109,45,45,4206,210,220
"INRGWa-dcr2",1292932,476121,368867,357156,57,74,74,3147,192,207
"INrope_l1",386671,624481,341614,304416,70,248,248,4439,59,60
"INrope_r1",161743,719682,324500,279477,51,158,156,3951,55,57
"INshort 1616483",1616482,103545,80662,78656,15,10,10,1017,27,32
"INshort 1682795",1682794,64937,34970,33896,3,1,1,317,9,10
"INshort-asc_l_vnc_l_immature? 1396069",1396068,110565,76178,73997,3,1,1,995,20,22
"INshort_lmmature_l 1609130",1609129,123152,75414,73707,4,0,0,917,23,25
"INsn_l2",57553,188792,136759,131735,30,36,36,1177,51,60
"INsn_l3",370662,213002,162875,156365,12,31,31,1131,71,84
"INsn_l4",411531,213482,173022,168415,15,45,45,1276,84,97
"INsn_r1",54090,175401,133728,129248,33,37,37,1165,65,71
"INsn_r2",366449,248846,203331,198628,15,39,39,1331,95,107
"INsn_r3; sn_like",380842,386719,249512,237757,11,27,27,2653,76,84
"INsn_r4",590953,205195,168825,164906,10,53,53,1234,72,86
"INsnl_l",74477,128745,99167,96448,3,9,9,820,44,52
"INsnl_r",1286825,163758,125116,121924,3,7,7,1101,57,68
"INsplit 2233701",2233700,385319,184326,177013,28,4,4,2427,64,65
"INsplit_sg1 r 1316197",71800,393326,179656,166776,10,31,31,2482,48,50
"INsplit_sg1l 1308348",1308347,344594,170896,144205,3,6,6,1464,42,46
"INsplit_sg1l 1328127",1328126,330780,127588,119287,1,10,10,1563,35,38
"INsplit_sg1l 1328484",1328483,190304,105564,100679,15,3,3,1539,38,40
"INsplit_sg1l 1410729",1410728,306428,183423,163136,1,3,3,1856,43,45
"INsplit_sg1l 2015949",2015966,332855,183314,159738,3,6,6,1828,40,43
"INsplit_sg1r 1453548",1453547,279923,146976,139926,16,14,14,2048,46,48
"INsplit_sg1r 1499327",1499326,562565,306394,278056,7,35,35,3545,80,86
"INsplit_sg1r 154304",154304,338177,194257,183487,6,19,19,2189,65,69
"INsplit_sg1r 1571935",1571934,392763,176624,159454,28,8,8,2632,33,35
"INsplit_sg1r 1612234",1612233,344874,160312,154412,13,34,34,2276,66,67
"INsplit_sg2l 1274821",1274820,166043,110924,106970,4,34,34,1996,40,41
"INsplit_sg2l 1275802",1275801,164287,92185,89265,5,6,6,1594,32,33
"INsplit_sg2l 1329167",1329166,401414,220952,211221,10,22,22,3149,97,99
"INsplit_sg2l 1382195",1382194,194966,109154,106134,5,13,13,1698,46,48
"INsplit_sg2l 1405727",1405726,318851,183612,176695,13,43,43,2882,77,80
"INsplit_sg2l 1438683",1438682,240358,177209,171293,28,51,51,2696,75,77
"INsplit_sg2l 1457579",1457578,150811,106778,103638,11,3,3,1391,45,46
"INsplit_sg2l 1520959",1520958,186402,87153,81856,1,19,19,1403,15,16
"INsplit_sg2l 1957715",1957714,193143,94930,91921,8,12,12,1490,46,50
"INsplit_sg2r 1301718",1530009,192169,131849,128947,18,32,32,2119,34,36
"INsplit_sg2r 1383588",1383587,153680,115184,112221,7,3,3,1560,50,52
"INsplit_sg2r 1383601",1383600,218652,114945,111649,16,18,18,1779,42,44
"INsplit_sg2r 1392933",1392932,98274,71451,65018,6,13,13,830,28,30
"INsplit_sg2r 1441074",1441073,134293,78595,76019,14,12,12,1306,30,31
"INsplit_sg2r 1441390",1441389,99152,70190,68288,4,7,7,1086,30,34
"INsplit_sg2r 1444675",1444674,234710,131759,116158,10,7,7,2041,17,20
"INsplit_sg2r 1454933",1454932,351592,219860,214161,18,23,23,3366,105,109
"INsplit_sg2r 1616493",1616492,185778,139125,135653,17,26,25,1830,70,71
"INsplit_sg2r 1725170",1725169,276175,150240,144514,15,21,21,2241,33,35
"INsplit_sg2r luqin-postsynaptic5",962948,475000,241799,222089,9,38,37,3446,92,95
"INsplit_sg3l",1312390,422419,224143,214877,18,8,8,3633,57,59
"INsplit_sg3l 1275230",1275230,165410,127574,124084,11,26,26,2148,38,41
"INsplit_sg3l 1278948",1278947,127213,98908,96379,10,5,5,1582,43,47
"INsplit_sg3l 1279253",1279252,167096,131142,127481,11,12,12,1719,55,60
"INsplit_sg3l 1339153",1339180,115598,87065,82519,11,1,1,1011,27,28
"INsplit_sg3l 1383185",1440653,210202,161394,156758,9,31,30,2690,60,64
"INsplit_sg3l 1386337",1386336,171206,134031,131148,8,12,12,2309,47,48
"INsplit_sg3l 1415437",1415436,121955,95842,93655,2,8,8,1268,55,57
"INsplit_sg3l 1422854",1422853,166325,133717,130248,6,6,6,1656,69,73
"INsplit_sg3l 1442135",1442134,122420,96793,93723,6,6,6,1322,47,50
"INsplit_sg3l 1631437",1971433,209961,143410,138936,10,29,29,2002,72,74
"INsplit_sg3l 707998",707997,179098,137701,134998,8,8,8,2411,44,46
"INsplit_sg3r 1166369",1166368,117738,91121,88251,10,6,6,1399,25,27
"INsplit_sg3r 1324108",1324107,215150,159756,155997,27,18,18,2332,66,69
"INsplit_sg3r 1386276",1386275,109957,85381,82912,4,6,6,1511,42,44
"INsplit_sg3r 1404084",1404083,55682,45314,44700,2,1,1,540,14,15
"INsplit_sg3r 1423132",1423131,199445,107783,99764,6,0,0,1404,38,39
"INsplit_sg3r 1425622",1425621,109342,86434,84692,8,10,10,969,33,36
"INsplit_sg3r 1947648",1947647,86880,69488,68132,5,3,3,877,20,22
"INsplitATO_sg1r",954295,293768,154656,148226,6,19,19,2379,45,47
"INsplitBronto_sg1l",1365232,293326,137937,129329,44,60,60,1949,59,62
"INsplitBronto_sg1r; ATO",1569660,316106,166579,159514,71,83,82,2460,64,67
"INsplitCR_PDF_sg1l2",1354979,556527,312224,295780,44,26,26,4316,112,115
"INsplitCR_sg0r1",1732697,371856,191318,147297,15,8,8,2087,46,48
"INsplitCR_sg1l1",2015571,448923,238805,197462,17,7,7,2142,60,63
"INsplitCR_sg1l3",1387474,568109,210863,189044,14,24,24,3256,41,44
"INsplitCR_sg1l4",1308413,398913,184397,164412,23,17,17,2970,47,49
"INsplitCR_sg1l5",1351307,452267,242069,230427,30,25,25,3880,79,83
"INsplitCR_sg1r1",1310363,266284,111595,94072,6,5,5,1404,20,22
"INsplitCR_sg1r2",759694,690327,323056,262301,46,12,12,4235,69,72
"INsplitCR_sg1r3",1731304,421548,211383,198707,21,13,13,3248,59,60
"INsplitCR_sg2l1",1351280,313655,164933,157904,21,20,20,2264,68,69
"INsplitCR_sg2l2",1732095,537357,303222,290512,103,42,42,4434,132,139
"INsplitCR_sg2l3; leuco",1653907,258424,114496,110716,27,15,15,1831,43,45
"INsplitCR_sg2r1",1420237,389156,237482,229960,17,13,13,3923,84,87
"INsplitCR_sg2r2",1488194,363743,231995,225266,90,46,46,3042,105,109
"INsplitCR_sg2r3",1611683,264062,147901,141659,49,12,12,2309,60,61
"INsplitCR_sg2r4",1412560,185043,112829,108790,11,7,7,1924,51,54
"INsplitCR_sg3l1",1545349,256087,199988,194907,78,37,37,2742,94,103
"INsplitCRATO_sg3l",708202,474620,274660,265414,34,52,51,4307,116,118
"INsplitCRATO_sg3r",1400382,385936,240675,233377,42,22,22,3950,94,98
"INsplitHairy_sg2l1",1347407,148899,100142,96118,10,9,9,1426,39,43
"INsplitHairyCR_sg2r1",1725480,274393,166497,161823,24,28,28,2457,73,76
"INsplitPB_ATO_sg2r1",1304924,382493,218706,211831,72,59,59,3245,71,73
"INsplitPB_FVa_sg2l1",1841743,302751,176837,171253,56,38,38,2959,69,71
"INsplitPB_RF/Ya_sg1l",422125,672487,337829,316832,8,71,70,4300,70,72
"INsplitPB_RF/Ya_sg1r",987008,648283,386655,371676,18,124,124,4780,96,102
"INsplitPB_sg2l2",445828,374940,200997,192705,43,26,26,3203,70,71
"INsplitPB_sg2l3",932505,305098,169752,163554,21,16,16,2978,44,45
"INsplitPB_sg2l4",708228,146615,107079,104314,3,5,4,1388,53,60
"INsplitPB_sg2l5",1366501,242625,183617,180980,46,23,23,2552,63,67
"INsplitPB_sg2r2",1340501,298733,188399,183253,29,39,39,2856,72,73
"INsplitPB_sg3l1",1364158,132642,107679,105406,39,26,26,1758,35,36
"INsplitPB_sg3l2",525800,142230,109250,106699,19,25,25,1863,27,30
"INsplitPB_sg3l3",1390047,121910,93151,90965,17,21,21,1458,31,32
"INsplitPB_sg3r1",1437030,285274,218315,211342,38,37,37,3159,89,92
"INsplitPB_sg3r2",1421064,159850,121557,118063,14,14,14,1693,42,43
"INsplitPB_sg3r3",1846855,475090,280366,272134,24,20,20,4089,97,104
"INsplitPBant_sg1l",172769,614792,344438,319192,66,39,39,4379,90,94
"INsplitPBant_sg1r",1304990,547991,332029,317817,32,39,39,4391,91,94
"INsplitPBbiax_sg2r3",1473202,407231,275633,266244,87,38,38,3703,106,112
"INsplitPBsg1l1",1364445,347433,145431,136696,32,32,32,1976,57,60
"INsplitPBsg1r2",1600760,362232,210966,197338,38,46,46,3114,66,70
"INsplitPDF_sg1l 1475456",1437617,699643,381919,356302,30,44,44,4963,144,148
"INsplitPU_sg2r  493122",493121,175915,99637,96238,8,13,13,1391,37,39
"INsplitPUh_l1",1646209,249679,143580,131166,10,2,2,1074,43,44
"INsplitPUh_l2",1726348,496641,259776,246389,23,13,13,2664,77,82
"INsplitPUh_r1",1571286,427825,238273,223041,25,12,12,2826,51,53
"INsplitPUh_r2",1329299,214126,135819,126917,12,2,2,1078,31,32
"INsplitRYa_sg1l",1608290,226622,94898,90682,15,29,29,1696,30,31
"INsplitSNFV_sg1r",1509512,246724,135882,130765,73,72,72,2118,48,50
"INsplitVent_sg2l",1390541,443294,280579,270894,45,72,72,4311,107,111
"INsplitVent_sg2r",1731953,413001,259524,250518,29,65,64,3571,115,118
"INsqNSasym_r",981467,304744,247844,241444,24,31,31,2121,111,117
"INstarFVa_sg3l 1380904",1380903,361682,276623,270881,33,18,18,4201,91,94
"INSturn_l",1361317,144712,109969,106095,5,27,27,1174,45,48
"INSturn_r",1335507,124376,90487,86639,6,7,7,777,29,30
"INtonl1",32460,202153,152439,148449,10,19,19,1259,64,72
"INtonl2",55935,182584,135897,132077,11,10,10,1031,57,68
"INtonr1",68613,200747,164337,161053,9,9,9,1014,71,81
"INtonr2",71248,162635,133917,131717,5,6,6,825,59,68
"INUturn2",1854639,494661,328431,309324,29,4,4,3394,112,122
"INUturn_l",1359237,434859,243496,221754,41,12,12,2923,68,69
"INUturn_r",1336321,492076,275918,248676,31,16,16,2892,76,85
"INvc 1411610",1411609,100308,78630,74557,1,5,5,678,35,38
"INvc_l3 503433",503432,204355,165916,163226,7,2,2,1414,81,86
"INvc_l5 73028",73027,204062,151892,145740,12,17,17,1142,69,78
"INvc_l6 1185176",1185175,200733,135741,126489,3,3,3,1154,48,52
"INvc_l7 756865",756864,113551,86443,83183,10,0,0,697,29,33
"INvc_l8",768500,430122,250878,234549,10,14,14,2646,84,90
"INvc_r1 347710",347709,92794,66624,63194,4,2,2,664,22,26
"INvc_r2",35154,126091,98756,96196,10,5,5,792,40,46
"INvc_r3 359613",359612,91541,64423,62466,8,2,2,742,20,22
"INVNC 1652812",1652811,133628,56965,54372,2,4,4,631,11,12
"INVNC 1971453",1971452,185143,131033,124831,13,22,22,1857,30,32
"INvnc_l5 980358",980357,176675,83569,79873,3,1,1,791,29,32
"INvnc_r3 962327",962326,29825,17508,16964,3,0,0,195,7,9
"INVNC_sg1l 1310144",1310144,257892,139577,135028,0,10,10,1628,49,50
"INVNC_sg1r 1296920",1296919,88462,39595,34663,6,0,0,470,7,8
"INVNC_sg1r 1589783",1589782,118240,86034,78756,16,0,0,752,21,23
"INVNC_sg2l 1845657",1845656,170205,140892,137726,1,4,4,1045,29,32
"INVNC_sg2l 1950486",1950485,190252,74556,63138,2,1,1,986,16,19
"INVNC_sg2r 1364989",1364988,68027,52266,50620,1,1,1,666,21,22
"INVNC_sg2r 2011761",2011760,315613,139485,132862,7,7,7,1944,49,54
"INvnc_sg3l 980322",980321,92141,56687,53958,3,0,0,803,18,20
"INVNC_sg3r 1383724",1383723,116425,98119,96479,6,1,1,1318,54,58
"INVNC_sg3r 1436896",1436895,186099,148780,145832,10,5,5,2112,54,56
"INVNCdcv ipsiasc 1490552",1490551,89887,55846,54686,4,11,11,736,19,20
"INW_l1",1860886,460897,285998,250422,40,7,7,3033,89,93
"INW_l2",1349820,198602,160675,156973,4,2,2,1364,66,71
"INW_l3",1311006,347207,230163,216746,8,5,5,2313,70,72
"INW_r1",1272459,408071,281303,269677,47,27,27,3186,112,119
"INW_r2; INvc_r5",515762,265129,177653,170308,13,0,0,1440,69,78
"INZ_l1",1367741,175665,139586,136995,14,8,8,1088,51,53
"INZ_l2",1276652,219633,173250,169064,9,26,26,1357,82,90
"INZ_l3",1337294,125995,96407,91894,7,4,4,737,30,32
"INZ_l4",1224630,146762,116812,113872,9,3,3,1010,46,49
"INZ_r1",854174,217674,170163,165270,22,13,13,1310,65,69
"INZ_r2",1311483,184942,148446,143232,22,19,19,1175,56,59
"INZ_r3",1358740,133492,104103,99794,7,12,12,763,32,34
"luq47_left-FVa_middle_right-postsyn1",657898,169398,122005,119186,3,2,2,1305,51,56
"luqin4-postsynaptic5",585558,78742,51943,50064,8,0,0,720,19,21
"MC2biax-1",237911,161835,124574,120648,1,0,0,738,26,27
"MNax_sg1l",1016172,220640,109333,103863,7,18,16,1346,29,31
"MNgland_head_l",2007344,691560,435027,405337,32,72,72,5350,118,126
"MNVNC 1462146",1462145,240217,92233,85446,2,8,8,1043,23,24
"MNVNC_1A_sg2l",135113,272390,102366,97389,9,16,16,1492,34,38
"VNC 1048574",1048573,150847,119454,114801,10,2,2,1502,41,42
"VNC 1570189",1570188,251363,157160,133115,7,3,3,1250,24,25
"VNC IN 1173401",1173400,72251,52903,50748,4,0,0,534,13,14
"VNC_r 1426631",1426630,48081,34957,33600,1,0,0,493,7,8
"VNC_sg1r 1350395",1350394,194754,97099,91632,7,5,5,1250,24,25
"VNC_sg1r 1999957",1999956,202972,112757,106166,8,0,0,1191,28,29
"VNC_sg1r 2011671",2011670,207838,116258,97439,3,2,2,858,24,25
"VNC_sg3r 1422174",1448011,136326,103444,101109,12,4,4,1462,38,39
"VNCneuron 1427288",1427287,55503,40962,39634,2,5,5,505,11,12
"VNCneuron 1433752",1433751,78726,61399,60126,2,3,3,722,21,23
"VNCneuron 1460922",1460921,64412,46266,45749,5,0,0,559,19,20
"VNCneuron 1469606",1469605,78878,64697,62944,1,4,4,704,26,27
"VNCneuron 1541263",1541262,72344,61255,59880,4,0,0,682,22,25
"VNCneuron 1980138",1980137,104540,70695,69052,2,3,3,920,21,23